FID,Nombre,Elevacion,Codigo
0,SNCX,492,58411-150
1,SMWS,68,10812-010
2,,228,68788-9413
3,OPRT,5479,59078-049
4,5T9,887,50988-193
5,KLNN,626,0573-0216
6,SNCX,492,58411-150
7,40J,44,67877-248
8,KSFB,55,52982-120
9,VIAX,775,57520-0302
10,RJOS,26,69219-103
11,SBJU,1392,43353-925
12,83Q,0,49349-095
13,,12,36987-3264
14,ZMBN,4311,52686-337
15,EGMH,178,49349-928
16,CZO,1850,59779-888
17,AYAF,2500,0268-6198
18,LSMI,,76436-203
19,LCPH,41,51079-852
20,PAIW,22,51327-510
21,SBES,61,11822-3201
22,YSHT,374,62802-600
23,ESOK,352,0406-0359
24,YINN,54,59779-137
25,WAPT,9,52686-301
26,LPVR,1805,0186-0004
27,KAFJ,1184,68084-349
28,ENHK,21,49035-157
29,WBKN,3175,57520-0451
30,KDTN,179,59054-370
31,KWRB,294,42549-646
32,LEJR,93,36987-1372
33,AYOM,2540,57520-0426
34,MMCE,10,36987-2387
35,FZVM,1968,45802-437
36,KSKF,691,0007-4142
37,KMAF,2871,52125-234
38,EIKK,319,61957-1113
39,ZUGY,3736,55154-5611
40,CEQ5,4117,35356-526
41,YWCH,,49348-771
42,ZGMX,,50114-1240
43,KFAT,336,13537-159
44,TIST,23,48951-6016
45,HTDA,182,0378-0731
46,UUYS,262,52544-930
47,RJAF,2182,65044-1300
48,LTAJ,2315,49348-104
49,YKPR,90,43419-309
50,FLJK,1165,65044-1083
51,EGTE,102,0603-0410
52,YKLA,,10056-359
53,ZSSZ,,63323-270
54,DFOG,1099,62756-142
55,,304,63323-463
56,SCKP,12468,54575-387
57,KEFK,930,68788-9055
58,YGDI,714,60512-6534
59,FLKE,4636,37808-861
60,USCM,1430,52125-457
61,ESGR,324,52959-124
62,,1592,17478-100
63,ZMUG,,0187-5205
64,KGRI,1847,0179-0151
65,SNPI,4118,52731-7052
66,W49,,42254-235
67,KRIV,1536,58166-001
68,FYAR,1905,41616-636
69,CZSW,,61924-093
70,ZHXF,,66213-422
71,KOWD,49,60505-3134
72,KMPJ,923,16590-480
73,KO02,4900,52389-249
74,S21,4164,43353-754
75,,109,0378-0614
76,OISY,5939,34666-091
77,LSZA,915,0409-1443
78,,825,69072-070
79,VCRI,157,0378-2121
80,SSEP,502,76270-150
81,KRUT,787,30142-500
82,SBJE,89,0703-9258
83,FVMV,3595,0363-0413
84,UUOT,413,49349-224
85,CZFA,2351,76214-034
86,VANP,1033,50227-2114
87,MUSS,295,64679-311
88,KONP,160,57955-2291
89,KALM,4200,29336-323
90,SSUO,2641,67938-2025
91,KLHV,556,61442-222
92,,3530,47335-151
93,AYKQ,4200,51079-746
94,KEAU,913,68788-9747
95,KAHN,808,49349-106
96,WAKO,23,0187-1616
97,KKB,0,42507-244
98,,40,55154-4731
99,RJFC,124,57664-155
100,FGSL,76,36987-2346
101,PACY,12,64942-1194
102,KXA,,54868-0844
103,ZYHB,457,63304-951
104,KFCM,906,59746-383
105,VLFL,3050,55154-4223
106,KGUS,812,58118-7889
107,,1160,36987-1882
108,KOCF,90,60429-253
109,CYVV,729,43547-263
110,KLBT,126,52959-939
111,RJBD,298,55289-095
112,,100,58466-101
113,YBRL,55,11410-150
114,ENGM,681,36987-1436
115,KBWW,2965,55648-414
116,ZSDY,15,58394-016
117,EFOU,47,55312-046
118,VVTS,33,36987-3372
119,KFRI,1065,10096-0138
120,LFAT,36,0173-0177
121,AYGL,40,36987-2925
122,VNDT,2100,55154-2383
123,LTAC,3125,51079-195
124,LIPK,97,63187-005
125,GECE,8,68428-053
126,FXQN,6100,0280-1175
127,DNSO,1010,41190-647
128,KELD,277,55926-0020
129,KSEA,433,37012-742
130,AYLU,1750,0713-0317
131,BGQE,69,55289-211
132,SBTT,279,33261-758
133,,1245,36987-1691
134,LPCR,,49967-041
135,,1300,0409-1778
136,SBPP,2156,60512-6558
137,WASC,52,41250-949
138,MMPE,71,17518-054
139,KDEN,5431,49973-606
140,LLHA,28,0409-2988
141,SAVN,85,63981-591
142,SYCJ,95,54868-0548
143,,111,75884-200
144,ZBZJ,2347,15377-008
145,USHQ,82,0093-7472
146,NTAM,60,0056-0173
147,LOWL,980,63187-074
148,SKPN,476,0615-7825
149,KNPA,28,43353-797
150,UAAR,2313,0115-1524
151,VNBW,358,66689-028
152,KCUH,916,45963-635
153,,3250,59088-954
154,LTBR,764,53499-5148
155,CJY3,1525,52410-3066
156,KCAR,626,59276-209
157,TVSA,136,35356-761
158,,50,43419-708
159,SGPJ,1873,54868-1073
160,,5150,42507-432
161,KMLU,79,55154-9371
162,SSAK,1542,11084-071
163,PAGX,99,68788-9748
164,EGGW,526,60681-1274
165,PALU,16,60429-164
166,VNMN,650,51346-085
167,SAVR,2286,65044-3174
168,ZWYN,,64117-128
169,HUGU,3510,49035-340
170,WABB,46,63629-4941
171,YSVP,48,61957-0116
172,WAMM,264,63824-287
173,KSHR,4021,59762-5210
174,NZLX,752,42043-141
175,YYAL,,61786-025
176,KNPA,28,11410-086
177,CYAY,108,58668-2791
178,YTNG,644,49288-0657
179,KBKT,439,68084-229
180,SETR,814,52125-780
181,MMEP,3020,0591-2467
182,YMGD,123,68151-4461
183,FZMA,5643,76369-7001
184,OINN,-61,0781-9302
185,VOKN,330,52261-0201
186,YSHK,111,57844-019
187,KMPJ,923,60533-008
188,,0,54458-965
189,FNSU,36,55154-5038
190,CYYQ,94,68987-024
191,LTCK,4157,51514-0336
192,SBSN,198,68084-179
193,GLGE,10,30698-201
194,EPSK,217,36987-2706
195,CYGT,174,58118-9931
196,NZNR,6,36987-1486
197,KADW,280,27808-035
198,KDTS,23,11410-202
199,KADS,644,67253-144
200,SAZH,400,63304-451
201,,,41190-074
202,SETR,814,10202-374
203,KAST,15,16590-136
204,NTGU,9,55878-105
205,MNSI,606,49349-721
206,KMAE,255,52959-983
207,KCEA,1378,53645-1001
208,FLKO,3670,37000-345
209,SCST,151,98132-701
210,YYLR,,36800-302
211,YOUY,,36987-1545
212,,200,0268-6309
213,,,0615-7530
214,SPBB,2749,55154-2427
215,SNPB,197,46581-100
216,KMIV,85,52125-761
217,MUSS,295,54868-6338
218,KPVU,4497,55150-167
219,KMFI,1277,52125-168
220,CZN,3318,52685-459
221,HTMW,3763,58177-380
222,,196,12546-310
223,EGVF,3,60505-2633
224,NZAA,23,49349-265
225,CYOY,550,10337-815
226,ROKR,156,54868-4537
227,FVMV,3595,52959-400
228,PAMD,100,21695-969
229,FOOY,13,55154-9425
230,PAPO,12,0268-6129
231,KFBL,1060,65862-549
232,KSQL,5,68016-063
233,DIKO,1214,64141-112
234,SDOW,901,33261-080
235,VTUJ,478,11822-1110
236,AYLG,8400,0185-0205
237,OEMA,2151,33992-1400
238,ORQW,749,41163-812
239,SNIC,2561,76168-010
240,TUZ,59,0591-3748
241,MMAN,1476,63629-2884
242,KGVE,454,68515-001
243,AYMR,2740,43269-877
244,MGRT,656,54868-1380
245,CNL3,402,0075-0623
246,SBAQ,2334,50111-990
247,SBPV,290,0187-0792
248,KALN,544,49643-380
249,,39,10424-164
250,CYLR,959,0054-0110
251,,4087,54868-5645
252,MUMZ,112,0591-5560
253,AYMO,12,41190-244
254,SKSA,680,50383-667
255,UAAA,2234,98132-175
256,OPMS,1023,51655-250
257,ZWAK,3816,54868-1947
258,BGIL,52,63868-151
259,FMMH,16,52374-016
260,,95,63629-1248
261,YGDS,52,43063-146
262,CAT4,191,0009-0331
263,KDPA,759,55319-333
264,VIDP,777,41520-863
265,FVCZ,1421,67777-234
266,SKTU,6,52959-961
267,RJKB,101,36800-020
268,YPMP,10,98132-186
269,KMIT,424,51531-5393
270,UTNU,320,59779-265
271,MRMJ,87,64058-118
272,YCWR,966,53550-001
273,AGGK,54,0781-3188
274,,842,55154-1056
275,,5688,59779-203
276,VI22,,37808-679
277,EFHF,57,60760-600
278,LOWI,1907,0220-9277
279,LTCD,3783,60809-166
280,WSSS,22,64980-168
281,LTCL,2001,65923-502
282,SWJN,1083,51206-202
283,EGPW,,65044-1547
284,LHDC,359,0409-1761
285,KMDD,2803,68121-174
286,WMKM,35,59779-424
287,FANG,3357,55648-937
288,AYDK,100,55648-272
289,CZGR,1005,59779-990
290,,420,55154-5661
291,SVCP,33,55289-201
292,FCBK,1460,0071-0417
293,USMU,210,64942-1129
294,NCRG,19,0093-3045
295,KSXT,1126,57520-0041
296,LFJL,870,63323-012
297,KDMO,909,59062-1304
298,,335,0113-0194
299,KTOI,398,58494-001
300,WASU,1422,63667-956
301,KHWO,8,70253-235
302,SCQP,333,49999-468
303,,48,68462-332
304,KN53,480,42507-500
305,FMCN,33,76282-202
306,UADD,2184,67046-121
307,FZBA,1040,65121-121
308,GMME,276,13537-208
309,KHUF,589,63736-293
310,FKKY,2464,55045-3841
311,RPUN,142,55154-5876
312,OPPS,1158,59779-909
313,CYAC,1344,37808-368
314,VHHH,28,36987-1092
315,KUKT,526,67046-164
316,KHHR,66,53210-1001
317,AYNE,4500,41167-0956
318,LFCC,912,59078-005
319,NGKT,,58503-045
320,KART,325,45802-733
321,LTCB,11,0074-4382
322,AYSJ,5804,67457-484
323,VYNU,2000,62756-139
324,OPTU,498,68788-0802
325,,0,50114-6150
326,CYID,499,65084-462
327,SARP,430,55513-023
328,NTGH,5,59779-550
329,VOKN,330,42507-484
330,,35,24658-240
331,FAKM,3950,64205-210
332,LFLA,523,43419-863
333,KEB,27,68220-118
334,KCR,860,55312-946
335,AK56,304,60760-463
336,KPVZ,699,10073-002
337,ZYDQ,496,0517-0401
338,KAVL,2165,66538-501
339,UGSS,53,0781-3265
340,RPMD,96,0832-0304
341,MRCH,7,64776-696
342,ZBXH,,49999-131
343,,1151,10812-526
344,SKNV,1464,0904-5522
345,GAKA,449,54473-204
346,EGNT,266,0268-1115
347,KSUD,900,51991-794
348,,,55910-964
349,WIPU,24,65862-173
350,KXA,,55513-126
351,OIBP,27,65321-030
352,VNPK,2712,14783-140
353,GAGO,870,0093-0294
354,SSJA,2546,54868-0252
355,FAMD,1124,57520-0374
356,EGER,39,64942-1161
357,AYEV,3650,36987-2411
358,HTKA,2700,34690-9001
359,KSTC,1031,63629-3910
360,KSIV,540,0185-0221
361,FQMD,2789,36000-008
362,OMBY,25,64117-185
363,ESOW,21,0067-6024
364,FASC,5250,48546-0002
365,RPMU,,62742-4053
366,YPPD,33,58668-0679
367,MMSC,7707,52533-001
368,,305,42627-205
369,YBCS,10,53014-850
370,EFET,1005,0135-0505
371,NTUV,9,36800-469
372,SMTP,596,50988-290
373,KCOD,5102,57627-107
374,LIME,782,57367-008
375,SBFE,768,37205-605
376,OPST,837,52124-0009
377,LDPL,274,53329-640
378,FACT,151,30142-700
379,VRMR,17,13107-001
380,,,52244-429
381,SBCN,2247,54868-6207
382,ZSHC,23,62756-581
383,LIBF,265,63323-479
384,NTGM,3,41163-163
385,KBED,133,57520-0223
386,RKSS,59,0009-0280
387,YOOM,143,49999-419
388,NCPK,20,16110-501
389,OPPG,3289,55910-056
390,SCBI,591,52125-748
391,CYAL,240,54868-4961
392,HCMN,559,16590-027
393,CJT3,625,49288-0477
394,UNBG,965,49738-499
395,PAHL,220,42002-212
396,SAOC,1380,14783-106
397,KCZK,151,0143-1473
398,SSXX,2986,67938-1172
399,WIMB,20,36987-1704
400,SVCO,1437,33992-0213
401,VDSR,60,50436-6312
402,FASB,2690,55143-011
403,LTAG,238,42449-122
404,KOZA,2381,62856-798
405,LTCD,3783,0781-1381
406,SVSE,2938,68084-123
407,AYLX,116,0536-1010
408,SLTJ,6079,51655-400
409,YCHT,955,14783-770
410,EDJA,2077,48951-4090
411,HSMK,1378,49288-0661
412,SCSF,2188,60429-340
413,KDAN,571,0641-6121
414,HAGN,6449,53808-0910
415,KASH,199,57520-0004
416,DAUZ,1847,67877-105
417,,32,24208-539
418,SBLE,1676,68788-9895
419,WBKS,46,37205-635
420,SAZP,278,49288-0614
421,SWCQ,555,54868-1387
422,YNRC,169,51532-5500
423,ENSS,42,49288-0443
424,SATU,229,54868-4920
425,K23,1260,49614-310
426,CYXX,195,55504-0432
427,CYVL,870,25021-700
428,YBKT,21,50844-529
429,KLBX,25,63187-046
430,SSZS,1591,16714-413
431,SDVS,1801,36987-2513
432,RJGG,15,75857-1105
433,SAVC,189,0187-5140
434,,1950,54569-4400
435,BKPR,1789,59762-5023
436,PAFA,439,61852-637
437,AYEO,2240,10819-6001
438,KPSC,410,0615-7644
439,NFFN,59,45802-419
440,DIMN,1089,54569-1084
441,CYBD,117,10586-9105
442,,80,41616-637
443,LFQT,61,63941-060
444,UESG,118,49349-733
445,KGRF,300,0007-4890
446,WAWR,132,59779-614
447,YLST,1631,36987-2527
448,SESM,3465,36987-1486
449,ZSGZ,387,55319-379
450,KPKF,1500,64679-572
451,CYTE,164,0378-2076
452,KAOH,975,54157-103
453,SLGY,557,51991-334
454,,569,13630-0052
455,KBWG,547,59779-206
456,TUPJ,15,53808-0761
457,,1025,0527-1371
458,FALD,1300,53808-0453
459,SBAU,1361,36987-3107
460,ZSBB,100,68330-006
461,EDWJ,7,52125-709
462,HABD,5978,76485-1045
463,UHPP,131,41163-180
464,KHSV,629,43857-0027
465,ZWSS,,0220-1104
466,USHU,190,18860-342
467,,2372,49349-838
468,ZBMZ,2231,65862-189
469,CYSM,671,44929-001
470,HCMJ,507,37000-327
471,SSNO,1969,49884-043
472,DCK,260,53045-205
473,UMMG,443,0378-0144
474,CZPO,1278,57902-249
475,SARL,230,62217-201
476,KGSO,925,59779-885
477,DXXX,72,21695-903
478,,50,63824-182
479,HAMM,2650,64125-118
480,KMKL,434,49288-0705
481,DABS,2661,68788-0843
482,DFCA,984,58118-3541
483,A63,82,0615-7678
484,KFDR,1258,0781-5204
485,,285,62646-791
486,WAAM,164,67684-2000
487,SWIY,647,43742-0436
488,WMAU,10,63354-800
489,EFKJ,407,0113-0908
490,NZAP,1335,10544-558
491,,652,17856-1295
492,MUTD,125,54868-5857
493,KASG,1353,45802-896
494,ZLGL,12426,59351-0319
495,,540,24208-385
496,KISM,82,49288-0913
497,VAAK,999,13733-004
498,ZWSH,4529,24208-561
499,KLAN,861,65044-9954
500,YELK,,52083-237
501,CYQF,2968,76461-910
502,VYGW,10,69017-101
503,,1950,0409-2998
504,YKIR,,0555-0159
505,PASV,1585,63868-252
506,KLBL,2885,63941-036
507,LFQV,492,36987-3072
508,MUPR,131,51346-032
509,SYLP,656,11822-2350
510,DRRN,732,35356-339
511,ROMY,150,55910-520
512,OIKB,22,51815-224
513,,842,0409-1209
514,KAGS,144,61727-341
515,ZWBL,1253,43555-020
516,OICK,3782,0019-1332
517,KCC,0,59779-734
518,YKPR,90,64380-744
519,MDSD,59,67457-510
520,VIJO,717,30142-187
521,FGMY,2165,55154-0409
522,KBXA,119,0338-0719
523,LKPR,1247,37000-835
524,YWWI,,55316-296
525,CZFN,332,52584-038
526,WADD,14,36987-1945
527,OESL,2021,53345-020
528,,1250,63629-3861
529,VQTY,9000,72036-227
530,YPLC,36,51009-202
531,KCDA,1188,64376-632
532,KORL,113,23155-030
533,KPHF,42,55319-248
534,MGGT,4952,41250-571
535,,20,75884-100
536,VTSC,16,50804-247
537,MA53,483,43063-244
538,AYCH,4974,54868-4683
539,,,37000-102
540,SVSP,761,56062-873
541,RPVV,148,67253-542
542,SBJE,89,14593-124
543,KRBD,660,25021-101
544,VDKK,,42702-103
545,YSDU,935,57627-166
546,KAFF,6572,55910-072
547,VRMV,6,10424-150
548,OPZB,4728,13630-0015
549,KIDA,4744,0093-7232
550,OEYN,26,66116-402
551,YCPN,1585,52125-989
552,HESN,662,16714-365
553,SAOR,1591,0904-5789
554,GQNA,951,36987-1972
555,KTUL,677,65862-658
556,,75,11086-048
557,KEWB,80,0378-6232
558,MYLD,9,45865-426
559,SWKT,2612,54868-4638
560,NZNV,5,49349-881
561,RJKA,27,68788-0633
562,,0,62011-0097
563,YALX,,51386-725
564,EGES,68,43353-892
565,LFBH,74,33261-057
566,KBCB,2132,0363-0585
567,LPPD,259,53346-1346
568,KAUN,1539,36987-2009
569,OICI,4404,60505-3694
570,SDLP,2039,55154-0878
571,SVPC,32,42792-102
572,,,51079-991
573,FAKP,541,14783-150
574,UERL,801,70253-367
575,,980,43275-110
576,KGED,53,64159-6989
577,ZHHH,113,50458-307
578,,0,63824-411
579,FMSL,1270,46123-007
580,,55,0065-0741
581,NZNS,17,63629-4663
582,UHSM,584,49288-0564
583,KBIF,3946,63629-4298
584,SACO,1604,23155-500
585,,30,0781-2266
586,,12,41163-751
587,SAST,1472,61442-322
588,,1151,76237-160
589,KITH,1099,0536-1000
590,KSEE,388,0228-3262
591,KSTE,1110,10578-023
592,KPWT,444,76095-001
593,RCLY,44,17271-205
594,CYLJ,1576,42937-707
595,ESMS,236,63654-700
596,TFFR,36,25021-102
597,NVSS,184,55648-923
598,OIBV,76,44206-455
599,SVLF,305,53808-0400
600,OIIP,4170,49852-001
601,,25,49349-304
602,VTSE,18,50114-6090
603,LSZD,655,75936-121
604,ORER,1341,11673-836
605,KCFS,701,76237-135
606,KDLC,133,54868-5951
607,A63,82,0075-0622
608,OMAA,88,50563-181
609,,75,64117-228
610,RPVA,10,49527-002
611,SNMS,2936,16590-778
612,YEVD,20,0009-3447
613,NFNO,358,59762-4900
614,FYHI,3639,36987-1048
615,VTBF,100,0904-6119
616,YPJT,99,52725-495
617,EBAW,39,51655-318
618,KTLR,265,63323-229
619,OPSB,436,60429-148
620,KSBD,1159,42952-101
621,KPMD,2543,54868-5764
622,SPMR,769,43857-0221
623,KMOD,97,54569-1051
624,CSR8,1048,49884-065
625,KCAR,626,33992-1500
626,LSZG,1411,64725-0146
627,YCCY,616,72036-153
628,SDSC,2649,52125-071
629,SUPU,138,64678-211
630,ZHNY,840,55312-233
631,DFEG,935,55346-0404
632,KFME,150,11419-001
633,YGON,900,59115-091
634,KMSP,841,55714-4405
635,YMMB,50,58118-1064
636,LPSJ,311,23155-110
637,OPNH,95,68084-629
638,EFHV,430,10147-0903
639,FEFN,1631,59995-002
640,CYGN,,0093-5208
641,WAOP,82,59478-000
642,,196,47781-108
643,EDGE,1112,57520-0042
644,BGDU,200,48951-4062
645,KSCH,378,0093-5207
646,YSTW,1334,11410-160
647,KCZK,151,0527-1369
648,ZSYA,16,55714-2227
649,FBPY,3000,36800-473
650,LSMI,,55289-737
651,CYCG,1624,0703-5075
652,YIVL,2667,0527-1393
653,KSCH,378,16571-070
654,,2200,55289-119
655,KFUL,96,42291-833
656,,675,67676-002
657,PADE,21,66336-099
658,WBKW,57,59630-750
659,PAST,2409,36987-2615
660,UKHH,508,59779-321
661,FNCX,3957,11673-884
662,PALB,87,54365-400
663,SBTL,2610,59779-572
664,CYYR,160,24385-603
665,KILG,80,51346-147
666,KRKS,6764,48951-8052
667,SBPG,2588,52584-648
668,KABI,1791,65044-1083
669,NZPP,22,53746-253
670,LTCG,104,43386-330
671,GUSI,1296,58668-2681
672,VIJR,751,65786-1717
673,MUSS,295,13537-495
674,EFKT,644,62756-093
675,YWAV,201,64942-1313
676,AK96,50,0378-4596
677,GFBN,14,10019-632
678,YMWT,265,30142-951
679,YMNK,107,0143-9726
680,PAWI,41,63323-347
681,2AK,552,43353-860
682,OIZI,2040,36987-1024
683,,2040,36987-2794
684,KGDV,2458,47682-456
685,OYAA,7,63868-939
686,HAAB,7630,55154-5074
687,KBFI,21,0456-4020
688,SVCB,197,36987-2569
689,,584,51655-114
690,CYRB,215,0067-6426
691,ZPDL,7050,54569-3912
692,LRTC,200,0781-5184
693,KOGS,297,0615-1590
694,KDAL,487,68151-4145
695,VIST,1060,49349-415
696,FOOB,1969,10578-054
697,FMSR,16,64679-544
698,RPLB,64,76206-002
699,EFPO,44,49527-825
700,CYRI,427,63981-441
701,TSG,1549,49523-501
702,YSCO,745,68703-122
703,GOOY,85,49527-712
704,SUPU,138,52686-642
705,CJT3,625,54569-1113
706,CAC8,0,43857-0261
707,KDNL,423,0091-6705
708,,0,36987-2042
709,KORS,31,36987-2007
710,MUBR,13,68382-247
711,VTUD,579,68472-121
712,,70,21695-698
713,MHCR,2625,59762-0450
714,SBPL,1263,51655-920
715,CYSP,1035,42549-603
716,VAID,1850,36987-3264
717,SGEN,659,60432-616
718,KSLO,573,10702-012
719,AYLN,5127,48951-4100
720,,3530,66977-107
721,ROYN,70,53499-1872
722,,430,65862-099
723,SBYS,1968,53462-705
724,SNJB,1640,0067-6274
725,,260,43742-0195
726,ZMDN,5800,36987-1742
727,,12,50383-172
728,KCLW,71,65044-2414
729,FMSF,3658,33261-647
730,GMMX,1545,43063-118
731,AGGU,,68994-2001
732,ESNG,1027,68703-122
733,MMCN,243,25021-146
734,AYAY,5355,55648-973
735,RPVD,15,0942-6444
736,AYMP,20,0003-5194
737,UNWW,1024,0591-2784
738,KNGU,17,66336-537
739,AYML,825,37012-733
740,RJOW,184,46672-606
741,FMMN,203,51672-4029
742,GQNH,692,52471-101
743,YCMW,241,58118-0167
744,LEMO,285,36987-3045
745,WAQT,59,54868-2656
746,AYOW,5638,50268-726
747,WATS,71,54973-3104
748,YCHT,955,68382-142
749,KDAG,1930,52389-136
750,VASD,1926,42254-106
751,EBLG,659,60760-361
752,ULMM,266,60429-267
753,YDAJ,335,63187-137
754,SDFC,1673,51125-006
755,FMMK,427,57237-070
756,TJFA,64,59899-007
757,DRRN,732,43857-0107
758,KCEV,867,0121-0638
759,SPQT,306,53808-0478
760,BGJN,95,43063-442
761,CAD4,1427,59779-190
762,FNUG,2720,51393-6666
763,CZWL,1360,45802-961
764,KOLF,1986,55346-1404
765,YDKI,6,65044-5000
766,KSBD,1159,54868-5623
767,WATW,25,42571-104
768,KMLI,590,44946-1036
769,KBVY,107,76237-165
770,CYXQ,2131,45963-439
771,FZGV,1283,55154-1586
772,EILT,20,13537-070
773,UKON,184,54868-6109
774,MTF,432,66336-834
775,KOKB,28,41167-3305
776,,670,11716-1192
777,YDRH,116,68645-310
778,NZWB,109,21130-419
779,SEMC,3452,0409-6695
780,NZAP,1335,36987-2818
781,KOTM,845,0378-0464
782,YBMK,19,61352-002
783,VLTK,449,37012-047
784,,99,49288-0377
785,SKTL,16,18482-018
786,HTIR,4678,67938-0808
787,FATZ,1914,52584-556
788,FVCH,3720,61903-001
789,CYEK,32,48951-2027
790,SNVD,1850,60760-535
791,KPMH,663,0615-7709
792,EDMO,1947,63629-2896
793,PFKW,25,49483-223
794,SKUI,204,63629-3551
795,EGXU,53,0378-9681
796,KHZY,924,55312-271
797,ZLYL,,49999-158
798,CYHN,1099,67938-2019
799,VAKS,167,53808-0682
800,WARR,9,52389-627
801,DIDL,823,66969-6022
802,RPMG,12,16571-304
803,,7,61570-073
804,LFLI,1620,0603-5483
805,YSPT,2,55154-5028
806,,50,55924-2001
807,ZSBB,100,68572-6007
808,YWYM,14,24909-112
809,KCBK,3187,11026-2790
810,FKKC,151,0049-0530
811,VEDB,847,28400-105
812,SNGA,28,55714-4472
813,PAUM,267,0113-0934
814,,,55154-6705
815,SNCV,1805,36987-2288
816,YYAL,,47335-330
817,OAOG,7300,59779-922
818,PHMU,2671,36987-1335
819,VICG,1012,0338-6346
820,,500,55154-9728
821,PANT,119,54868-2481
822,MPTO,135,54868-5438
823,VYYY,109,0268-1168
824,GOGG,75,51141-0300
825,LTAI,177,54868-5327
826,KDLN,5241,0641-2569
827,N04,15,59746-040
828,KPVC,9,59779-029
829,CYAC,1344,67938-1169
830,KNFL,3934,10424-106
831,SBZM,1348,65044-1517
832,KFEP,859,55154-4426
833,SNOC,3609,67938-0821
834,,2248,42254-094
835,KBUF,728,37808-463
836,SCPQ,528,11673-176
837,NCAI,14,55154-2062
838,CAW8,0,54868-5354
839,UGB,132,16590-835
840,KMVY,67,59886-315
841,KFOE,1078,66184-151
842,SKCC,1096,55154-6241
843,CYKL,1709,11822-0458
844,FNAM,144,61727-308
845,KSFF,1953,58503-029
846,OAJL,1814,49349-891
847,UMMS,670,49288-0960
848,SBEP,1900,0268-6557
849,VEGY,380,57896-784
850,GEML,156,10096-0238
851,SKNV,1464,17478-010
852,DFOT,984,76282-249
853,,6377,65862-194
854,AYEF,3900,49825-133
855,KPIT,1203,61957-9403
856,,560,60691-116
857,PAPM,15,11980-011
858,YAYE,1626,50383-772
859,OETF,4848,67046-644
860,EFSO,602,21695-029
861,MYNN,16,65321-024
862,SNPJ,3229,49349-628
863,YHAY,305,68788-9076
864,SKJU,2184,0228-2540
865,VVCR,40,60760-409
866,SSNO,1969,76310-024
867,RORE,246,11523-7243
868,CYVK,1140,60505-1202
869,NVSX,68,36987-1472
870,FEGM,1640,11822-4670
871,SAWR,356,44076-006
872,GCXO,2076,12213-700
873,LPSJ,311,58118-4018
874,KMPO,1915,65044-6517
875,KPGA,4316,23155-168
876,YDRH,116,43353-032
877,OPCL,4146,0591-2918
878,HTSY,3800,68180-313
879,,1075,0781-3173
880,KTOP,881,59779-856
881,USHU,190,61957-2111
882,KSEA,433,43419-303
883,PAKL,717,54776-001
884,LFJR,194,10742-8157
885,FYOO,3911,52685-449
886,AYKK,50,25021-209
887,EFLP,349,33992-2100
888,,65,52205-002
889,KTUL,677,58668-1981
890,VVDB,1611,49288-0839
891,KIAH,97,0009-0352
892,KMWC,745,0362-6001
893,HKLO,1715,0054-0278
894,LTFD,50,68001-137
895,KMSV,1403,0051-0023
896,WIOP,297,14783-091
897,AYFI,60,0603-5683
898,LGKC,1045,54494-001
899,DABS,2661,68382-418
900,LPVZ,2060,55289-876
901,WAKQ,52,54473-258
902,VTBF,100,49643-401
903,SMDO,236,12634-465
904,CKV4,1195,52533-107
905,,,0406-8315
906,KOKC,1295,0065-0419
907,SYAH,587,51879-110
908,KLOT,679,59779-441
909,,1473,54868-0154
910,FALO,3025,0178-0898
911,NZMC,2153,49817-1990
912,KGVL,1276,59900-102
913,SPNC,6070,60512-9087
914,FTTY,771,13811-558
915,,29,62756-187
916,YDNI,,65162-835
917,LFHM,4823,67405-100
918,YCOM,3088,63323-261
919,KCOE,2320,30142-863
920,MYK,1650,48951-2011
921,CYVP,129,49035-002
922,YLIN,,0591-5882
923,URMM,1054,0270-1410
924,WSAP,65,67296-0544
925,LFSN,751,41520-390
926,SCGZ,88,76485-1022
927,YFLO,,17478-207
928,KPOY,5092,52125-744
929,KCTZ,148,76237-117
930,FCBY,541,48951-7053
931,CYKG,501,44087-9030
932,YDLT,15,65224-615
933,YJNB,15,33992-1500
934,LSGN,1427,59779-885
935,AYET,80,50742-208
936,SDOW,901,67544-021
937,WAJL,820,61699-3178
938,SLCO,889,0069-2589
939,FHSH,1017,54633-201
940,KVOK,912,13537-534
941,RCKU,85,0378-4745
942,EDCD,272,43063-119
943,VTSF,13,54868-5985
944,ZYCH,80,50436-6050
945,ZBYZ,3400,58165-028
946,YBIE,300,59762-5025
947,KLVM,4660,0615-2563
948,ZGGG,50,41520-660
949,AYWJ,45,44567-700
950,WAPH,49,30142-014
951,SNIG,699,64942-1090
952,AYRO,230,0904-6242
953,YCOR,469,11822-0183
954,,75,0185-0041
955,VYKI,6000,0268-0044
956,YCRK,540,51439-007
957,WPDB,96,55111-321
958,LECH,1145,35000-876
959,FZUG,2890,55154-5350
960,WABK,5200,61481-0450
961,MHGS,2995,64455-771
962,KCIR,321,0179-0122
963,LEAG,98,54118-7199
964,SWEK,1314,49288-0748
965,KGCN,6609,0404-6620
966,KEGI,191,45945-151
967,SSRU,28,21839-091
968,OIBP,27,10157-9012
969,KLGD,2717,41167-0640
970,YPAD,20,58605-152
971,BGCO,45,54868-0427
972,AYMN,5680,54557-0002
973,LKMR,1772,66116-255
974,RJCC,82,13537-022
975,VTCC,1036,0113-0973
976,LRCS,866,53808-0611
977,SBSJ,2120,58892-130
978,OABN,8367,65044-1910
979,EKCH,17,51824-010
980,OPRK,271,54868-6282
981,GOTK,584,0527-1535
982,CYLR,959,42508-149
983,MGRB,426,0456-0679
984,NVVV,70,50436-4633
985,VTSH,12,0363-0519
986,MHGU,4199,55316-190
987,KBOI,2871,63739-510
988,AYLT,5750,41250-975
989,,30,60698-0000
990,SAMM,4685,0006-0749
991,USMM,49,0409-9786
992,FEFF,1208,58118-0477
993,,96,37205-968
994,YCRG,963,55154-6295
995,CYEM,869,41520-546
996,KWRB,294,0781-3152
997,KCPR,5350,43063-468
998,WIBD,55,65977-5033
999,KGHM,768,0904-6009
1000,UUYI,184,0264-7800
